{
  "hash": "069ca848",
  "configHash": "4b8a52d5",
  "lockfileHash": "87c7922a",
  "browserHash": "60727f58",
  "optimized": {
    "@angular/core": {
      "src": "../../../../../node_modules/@angular/core/fesm2022/core.mjs",
      "file": "@angular_core.js",
      "fileHash": "b4112225",
      "needsInterop": false
    },
    "@angular/platform-browser": {
      "src": "../../../../../node_modules/@angular/platform-browser/fesm2022/platform-browser.mjs",
      "file": "@angular_platform-browser.js",
      "fileHash": "61ada459",
      "needsInterop": false
    },
    "@angular/router": {
      "src": "../../../../../node_modules/@angular/router/fesm2022/router.mjs",
      "file": "@angular_router.js",
      "fileHash": "a56ab61e",
      "needsInterop": false
    }
  },
  "chunks": {
    "chunk-AC5S6XWW": {
      "file": "chunk-AC5S6XWW.js"
    },
    "chunk-4ZODTR3R": {
      "file": "chunk-4ZODTR3R.js"
    }
  }
}